Date,Time,Comp,Round,Day,Venue,Result,GF,GA,Opponent,xG,xGA,Poss,Attendance,Captain,Formation,Opp Formation,Referee,Match Report,Notes
2024-08-17,15:00,Premier League,Matchweek 1,Sat,Away,W,3.0,0.0,Everton,1.4,0.5,60.0,39217.0,Lewis Dunk,4-2-3-1,4-2-3-1,Simon Hooper,Match Report,
2024-08-24,12:30,Premier League,Matchweek 2,Sat,Home,W,2.0,1.0,Manchester Utd,2.1,1.4,48.0,31537.0,Lewis Dunk,4-2-3-1,4-2-3-1,Craig Pawson,Match Report,
2024-08-27,19:45,EFL Cup,Second round,Tue,Home,W,4.0,0.0,Crawley Town,,,44.0,19175.0,Adam Webster,4-2-3-1,3-4-3,Alex Chilowicz,Match Report,
2024-08-31,12:30,Premier League,Matchweek 3,Sat,Away,D,1.0,1.0,Arsenal,1.7,2.1,64.0,60326.0,Lewis Dunk,4-2-3-1,4-3-3,Chris Kavanagh,Match Report,
2024-09-14,15:00,Premier League,Matchweek 4,Sat,Home,D,0.0,0.0,Ipswich Town,1.6,0.3,68.0,41573.0,Lewis Dunk,4-4-2,4-2-3-1,Samuel Barrott,Match Report,
2024-09-18,19:45,EFL Cup,Third round,Wed,Home,W,3.0,2.0,Wolves,,,54.0,16018.0,Jason Steele,4-4-2,4-2-3-1,John Brooks,Match Report,
2024-09-22,14:00,Premier League,Matchweek 5,Sun,Home,D,2.0,2.0,Nott'ham Forest,1.0,1.4,70.0,31444.0,Lewis Dunk,4-2-3-1,4-2-3-1,Robert Jones,Match Report,
2024-09-28,15:00,Premier League,Matchweek 6,Sat,Away,L,2.0,4.0,Chelsea,1.1,4.2,59.0,39495.0,Lewis Dunk,4-3-3,4-2-3-1,Peter Bankes,Match Report,
2024-10-06,16:30,Premier League,Matchweek 7,Sun,Home,W,3.0,2.0,Tottenham,1.8,1.3,41.0,31487.0,Lewis Dunk,4-2-3-1,4-3-3,David Coote,Match Report,
2024-10-19,15:00,Premier League,Matchweek 8,Sat,Away,W,1.0,0.0,Newcastle Utd,1.1,2.0,40.0,52220.0,Lewis Dunk,4-4-2,4-3-3,Peter Bankes,Match Report,
2024-10-26,15:00,Premier League,Matchweek 9,Sat,Home,D,2.0,2.0,Wolves,1.3,1.3,51.0,31840.0,Danny Welbeck,4-4-2,3-4-3,Michael Oliver,Match Report,
2024-10-30,19:30,EFL Cup,Fourth round,Wed,Home,L,2.0,3.0,Liverpool,,,45.0,28441.0,Jason Steele,4-2-3-1,4-4-2,Darren Bond,Match Report,
2024-11-02,15:00,Premier League,Matchweek 10,Sat,Away,L,1.0,2.0,Liverpool,1.0,1.6,51.0,60331.0,Danny Welbeck,4-4-2,4-2-3-1,Tony Harrington,Match Report,
2024-11-09,17:30,Premier League,Matchweek 11,Sat,Home,W,2.0,1.0,Manchester City,2.3,2.1,40.0,31715.0,Danny Welbeck,4-4-2,4-1-4-1,Samuel Barrott,Match Report,
2024-11-23,15:00,Premier League,Matchweek 12,Sat,Away,W,2.0,1.0,Bournemouth,0.9,1.6,45.0,11196.0,Danny Welbeck,4-2-3-1,4-2-3-1,Stuart Attwell,Match Report,
2024-11-29,20:00,Premier League,Matchweek 13,Fri,Home,D,1.0,1.0,Southampton,1.7,1.0,53.0,31542.0,Danny Welbeck,4-4-2,5-4-1,Robert Jones,Match Report,
2024-12-05,19:30,Premier League,Matchweek 14,Thu,Away,L,1.0,3.0,Fulham,1.4,1.1,57.0,26368.0,Lewis Dunk,3-4-3,4-2-3-1,Peter Bankes,Match Report,
2024-12-08,14:00,Premier League,Matchweek 15,Sun,Away,D,2.0,2.0,Leicester City,1.5,1.3,44.0,31647.0,Lewis Dunk,4-2-3-1,4-2-3-1,Stuart Attwell,Match Report,
2024-12-15,14:00,Premier League,Matchweek 16,Sun,Home,L,1.0,3.0,Crystal Palace,1.0,2.2,64.0,30893.0,Lewis Dunk,4-2-3-1,3-4-3,Michael Oliver,Match Report,
2024-12-21,15:00,Premier League,Matchweek 17,Sat,Away,D,1.0,1.0,West Ham,0.9,1.2,53.0,62460.0,Lewis Dunk,4-2-3-1,4-1-4-1,Robert Jones,Match Report,
2024-12-27,19:30,Premier League,Matchweek 18,Fri,Home,D,0.0,0.0,Brentford,1.3,1.1,57.0,31548.0,Lewis Dunk,4-2-3-1,4-2-3-1,Andy Madley,Match Report,
2024-12-30,19:45,Premier League,Matchweek 19,Mon,Away,D,2.0,2.0,Aston Villa,1.1,1.8,41.0,41414.0,Lewis Dunk,4-2-3-1,4-2-3-1,Craig Pawson,Match Report,
2025-01-04,17:30,Premier League,Matchweek 20,Sat,Home,D,1.0,1.0,Arsenal,1.5,0.9,45.0,31714.0,Jo√£o Pedro,4-2-3-1,4-3-3,Anthony Taylor,Match Report,
2025-01-11,15:00,FA Cup,Third round proper,Sat,Away,W,4.0,0.0,Norwich City,,,52.0,24738.0,Jason Steele,4-2-3-1,4-3-3,Simon Hooper,Match Report,
2025-01-16,19:30,Premier League,Matchweek 21,Thu,Away,W,2.0,0.0,Ipswich Town,1.0,0.3,53.0,29403.0,Adam Webster,4-1-4-1,4-2-3-1,Tony Harrington,Match Report,
2025-01-19,14:00,Premier League,Matchweek 22,Sun,Away,W,3.0,1.0,Manchester Utd,1.9,1.5,49.0,73758.0,Lewis Dunk,4-4-2,3-4-3,Peter Bankes,Match Report,
2025-01-25,15:00,Premier League,Matchweek 23,Sat,Home,L,0.0,1.0,Everton,0.7,0.8,69.0,31087.0,Lewis Dunk,4-2-3-1,4-2-3-1,Tim Robinson,Match Report,
2025-02-01,12:30,Premier League,Matchweek 24,Sat,Away,L,0.0,7.0,Nott'ham Forest,0.9,3.3,62.0,30164.0,Lewis Dunk,4-1-4-1,3-5-2,Simon Hooper,Match Report,
2025-02-08,20:00,FA Cup,Fourth round proper,Sat,Home,W,2.0,1.0,Chelsea,,,43.0,,Lewis Dunk,4-2-3-1,4-2-3-1,Jarred Gillett,Match Report,
2025-02-14,20:00,Premier League,Matchweek 25,Fri,Home,W,3.0,0.0,Chelsea,1.4,0.5,31.0,31324.0,Danny Welbeck,5-4-1,4-2-3-1,Chris Kavanagh,Match Report,
2025-02-22,15:00,Premier League,Matchweek 26,Sat,Away,W,4.0,0.0,Southampton,3.9,0.1,50.0,,Adam Webster,4-2-3-1,3-4-3,Darren Bond,Match Report,
2025-02-25,19:30,Premier League,Matchweek 27,Tue,Home,,,,Bournemouth,,,,,,,,,Head-to-Head,
2025-03-02,13:45,FA Cup,Fifth round proper,Sun,Away,,,,Newcastle Utd,,,,,,,,,Head-to-Head,
2025-03-08,15:00,Premier League,Matchweek 28,Sat,Home,,,,Fulham,,,,,,,,,Head-to-Head,
2025-03-15,15:00,Premier League,Matchweek 29,Sat,Away,,,,Manchester City,,,,,,,,,Head-to-Head,
2025-04-01,19:45,Premier League,Matchweek 30,Tue,Home,,,,Aston Villa,,,,,,,,,Head-to-Head,
2025-04-05,15:00,Premier League,Matchweek 31,Sat,Away,,,,Crystal Palace,,,,,,,,,Head-to-Head,
2025-04-12,15:00,Premier League,Matchweek 32,Sat,Home,,,,Leicester City,,,,,,,,,Head-to-Head,
2025-04-19,15:00,Premier League,Matchweek 33,Sat,Away,,,,Brentford,,,,,,,,,Head-to-Head,
2025-04-26,15:00,Premier League,Matchweek 34,Sat,Home,,,,West Ham,,,,,,,,,Head-to-Head,
2025-05-03,15:00,Premier League,Matchweek 35,Sat,Home,,,,Newcastle Utd,,,,,,,,,Head-to-Head,
2025-05-10,15:00,Premier League,Matchweek 36,Sat,Away,,,,Wolves,,,,,,,,,Head-to-Head,
2025-05-18,15:00,Premier League,Matchweek 37,Sun,Home,,,,Liverpool,,,,,,,,,Head-to-Head,
2025-05-25,16:00,Premier League,Matchweek 38,Sun,Away,,,,Tottenham,,,,,,,,,Head-to-Head,
